group,subgroup,filename,fwhm_L,fwhm_C,fwhm_R,sharpness,flatness,symmetry_error,streak_spacing
mbe,.,10.1.png,300.0,42.86,25.28,2.33,0.577,274.72,153.73
mbe,.,11.1.png,17.89,21.66,16.1,4.62,0.554,1.79,111.22
mbe,.,12.1.png,246.77,30.89,37.32,3.24,0.549,209.45,115.76
mbe,.,13.1.png,20.04,257.48,26.02,0.39,0.537,5.98,166.64
mbe,.,14.1.png,19.33,296.78,20.47,0.34,0.381,1.14,166.97
mbe,.,15.1.png,18.44,31.4,20.3,3.18,0.47,1.86,193.6
mbe,.,16.1.png,246.93,43.29,20.83,2.31,0.583,226.1,187.53
mbe,.,17.1.png,300.0,35.24,28.52,2.84,0.54,271.48,121.31
mbe,.,18.1.png,294.18,39.85,233.77,2.51,0.579,60.41,150.27
mbe,.,19.1.png,300.0,52.25,28.22,1.91,0.564,271.78,132.81
mbe,.,20.1.png,238.29,49.27,160.19,2.03,0.589,78.09,144.7
mbe,.,21.1.png,228.48,38.29,31.41,2.61,0.532,197.06,126.4
mbe,.,23.1.png,245.37,49.32,155.94,2.03,0.588,89.43,145.82
mbe,.,24.1.png,18.12,25.25,300.0,3.96,0.505,281.88,270.83
mbe,.,25.1.png,257.51,10.0,10.0,10.0,0.617,247.51,222.89
mbe,.,26.1.png,27.42,300.0,23.55,0.33,0.619,3.87,95.94
mbe,.,28.1.png,16.63,32.1,300.0,3.12,0.371,283.37,277.04
mbesubstrate,.,10.3.png,160.06,22.48,10.0,4.45,0.307,150.06,265.24
mbesubstrate,.,11.3.png,10.93,45.67,11.86,2.19,0.328,0.93,164.95
mbesubstrate,.,13.3.png,118.61,51.11,13.32,1.96,0.379,105.29,351.04
mbesubstrate,.,14.3.png,125.72,34.93,10.0,2.86,0.205,115.72,374.05
mbesubstrate,.,15.3.png,53.55,41.18,134.25,2.43,0.235,80.7,209.19
mbesubstrate,.,16.3.png,10.0,24.75,10.01,4.04,0.318,0.0,171.99
mbesubstrate,.,17.3.png,10.08,44.29,10.27,2.26,0.387,0.18,172.69
mbesubstrate,.,18.3.png,164.76,23.42,10.0,4.27,0.291,154.76,291.96
mbesubstrate,.,19.3.png,10.0,10.0,18.02,10.0,0.35,8.02,191.83
mbesubstrate,.,20.3.png,115.74,42.35,13.31,2.36,0.367,102.44,352.72
mbesubstrate,.,21.3.png,272.45,98.77,300.0,1.01,0.594,27.55,375.0
mbesubstrate,.,22.3.png,248.39,19.9,10.0,5.03,0.354,238.39,366.58
mbesubstrate,.,23.3.png,264.37,17.04,11.41,5.87,0.347,252.97,335.36
mbesubstrate,.,24.3.png,20.83,17.46,10.0,5.73,0.347,10.83,233.59
mbesubstrate,.,25.3.png,54.47,10.0,16.57,10.0,0.566,37.91,209.4
mbesubstrate,.,26.3.png,81.25,36.28,10.0,2.76,0.278,71.25,284.48
mbesubstrate,.,28.3.png,60.75,54.89,12.54,1.82,0.389,48.21,307.26
mbesubstrate,.,31.3.png,10.26,10.0,10.0,10.0,0.217,0.26,165.74
test,Spotty,240709A_45.png,71.34,14.27,58.39,7.01,0.475,12.95,296.59
test,Spotty,240709A_PbSe_109.png,71.94,71.72,45.25,1.39,0.154,26.69,287.67
test,Spotty,240709A_PbSe_421.png,24.63,30.72,20.72,3.25,0.163,3.91,166.55
test,Spotty,240709A_PbSe_452.png,34.27,161.72,156.07,0.62,0.192,121.79,219.09
test,Spotty,240710T125905_CdTe.png,24.74,16.48,15.48,6.07,0.491,9.26,308.59
test,Spotty,240715A_GeTe_InGeTe_22mins_100.png,37.93,227.23,43.79,0.44,0.0,5.86,157.62
test,Spotty,240715B_GeTe_52mins_129.png,300.0,150.9,34.23,0.66,0.106,265.77,176.45
test,Spotty,240715B_GeTe_52mins_288.png,26.9,199.3,43.13,0.5,0.0,16.23,178.03
test,Spotty,240715B_GeTe_52mins_414.png,32.72,188.69,26.39,0.53,0.333,6.33,262.95
test,Spotty,240715B_GeTe_52mins_504.png,22.55,286.19,28.22,0.35,0.122,5.67,178.52
test,Spotty,240715B_GeTe_52mins_634.png,33.08,164.22,26.3,0.61,0.264,6.78,262.85
test,Spotty,240715B_GeTe_52mins_758.png,27.25,245.19,28.57,0.41,0.589,1.32,178.52
test,Spotty,240715B_GeTe_52mins_848.png,32.17,152.73,26.52,0.65,0.176,5.65,263.04
test,Spotty,240715B_GeTe_52mins_939.png,22.42,300.0,28.35,0.33,0.205,5.94,178.63
test,Spotty,240715B_GeTe_52mins_993.png,25.56,300.0,28.99,0.33,0.128,3.43,177.14
test,Spotty,240716B_656.png,59.91,42.97,61.62,2.33,0.29,1.71,141.03
test,Spotty,240716B_CdTe_623.png,63.59,44.72,67.61,2.24,0.301,4.02,140.65
test,Spotty,240716B_CdTe_708.png,53.99,36.14,53.5,2.77,0.281,0.49,141.64
test,Spotty,240716B_CdTe_908.png,41.6,19.07,31.32,5.24,0.472,10.28,140.52
test,Spotty,240716B_CdTe_998.png,38.18,18.7,29.38,5.35,0.53,8.8,139.61
test,Spotty,240716B_spottydark713.png,43.27,24.74,30.36,4.04,0.539,12.91,141.06
test,Spotty,240731A_MnTe_0min_826.png,31.11,34.13,21.78,2.93,0.0,9.33,167.79
test,Spotty,240731A_MnTe_0min_969.png,34.93,30.24,10.0,3.31,0.0,24.93,309.64
test,Spotty,240805A_407.png,60.07,151.4,25.05,0.66,0.486,35.02,206.57
test,Spotty,240805A_588.png,57.4,92.39,49.69,1.08,0.435,7.72,209.25
test,Spotty,240805A_647.png,57.14,95.69,51.61,1.05,0.439,5.53,210.48
test,Spotty,240805A_778.png,55.59,89.21,58.12,1.12,0.427,2.53,210.85
test,Spotty,240805A_998.png,55.11,87.19,47.29,1.15,0.425,7.82,211.25
test,Spotty,240805C_998.png,89.65,51.01,88.86,1.96,0.326,0.78,141.17
test,Spotty,240814A_MnTe_0min_297.png,58.42,30.31,23.61,3.3,0.118,34.81,148.19
test,Spotty,240814A_MnTe_0min_568.png,32.79,71.9,32.05,1.39,0.0,0.74,168.24
test,Spotty,240814A_MnTe_0min_705.png,22.45,28.24,23.62,3.54,0.206,1.17,167.87
test,Spotty,240814A_MnTe_0min_874.png,21.46,17.72,28.05,5.64,0.172,6.59,167.62
test,Spotty,240822_641.png,81.9,21.56,28.19,4.64,0.218,53.7,236.7
test,Spotty,240822_985.png,88.22,20.03,58.48,4.99,0.315,29.74,245.07
test,Spotty,240828A_433.png,263.92,43.11,55.79,2.32,0.0,208.13,188.82
test,Spotty,240828B_226.png,86.39,46.8,33.09,2.14,0.453,53.3,242.51
test,Spotty,240828B_315.png,264.46,64.62,87.26,1.55,0.381,177.21,170.93
test,Spotty,240828B_347.png,69.32,50.21,43.44,1.99,0.484,25.89,155.64
test,Spotty,240828B_406.png,69.76,47.06,76.43,2.12,0.352,6.66,238.73
test,Spotty,240828B_527.png,66.05,51.67,62.38,1.94,0.454,3.67,156.93
test,Spotty,240828B_583.png,63.38,39.54,33.14,2.53,0.406,30.23,244.97
test,Spotty,240828B_615.png,76.73,62.3,44.78,1.61,0.0,31.95,239.95
test,Spotty,240828B_910.png,44.51,59.28,51.41,1.69,0.294,6.9,292.64
test,Spotty,240828B_927.png,51.99,42.47,217.94,2.35,0.284,165.95,172.27
test,Spotty,240828B_956.png,71.19,48.05,58.5,2.08,0.062,12.69,243.93
test,Spotty,240828_778.png,229.74,41.38,53.1,2.42,0.0,176.64,219.86
test,Spotty,240905B_GeTe_MnTe_30min_205.png,193.0,22.57,14.34,4.43,0.06,178.67,196.59
test,Spotty,240905B_GeTe_MnTe_30min_641.png,19.22,17.46,23.44,5.73,0.617,4.23,192.52
test,Spotty,240905B_GeTe_MnTe_30min_727.png,10.0,10.0,179.46,10.0,0.446,169.46,282.25
test,Spotty,240905B_GeTe_MnTe_30min_852.png,25.66,22.68,216.94,4.41,0.0,191.29,140.91
test,Spotty,240905B_GeTe_MnTe_30min_910.png,15.66,16.4,40.62,6.1,0.604,24.97,147.55
test,Spotty,240906A_MnTe_0min_332.png,34.62,79.13,24.38,1.26,0.0,10.24,167.97
test,Spotty,240906A_MnTe_0min_736.png,10.01,300.0,16.77,0.33,0.505,6.77,240.03
test,Spotty,240906A_MnTe_0min_915.png,55.07,44.29,18.77,2.26,0.0,36.3,166.14
test,Spotty,240906A_MnTe_0min_998.png,10.01,300.0,16.67,0.33,0.511,6.66,240.28
test,Spotty,240912A_286.png,32.91,59.18,21.43,1.69,0.716,11.48,194.63
test,Spotty,240912A_361.png,36.63,69.82,25.19,1.43,0.711,11.45,195.16
test,Spotty,240912A_424.png,37.58,76.01,23.45,1.32,0.71,14.12,195.12
test,Spotty,240912A_494.png,39.38,79.28,20.83,1.26,0.709,18.55,196.59
test,Spotty,240912A_542.png,39.38,78.88,20.53,1.27,0.708,18.85,197.85
test,Spotty,240912A_604.png,38.73,77.77,16.2,1.29,0.703,22.54,198.96
test,Spotty,240912A_672.png,37.89,78.17,17.75,1.28,0.702,20.14,199.79
test,Spotty,240912A_719.png,228.35,26.75,10.0,3.74,0.637,218.35,374.25
test,Spotty,240912A_781.png,222.12,29.24,300.0,3.42,0.642,77.88,375.0
test,Spotty,240912A_844.png,57.37,245.69,39.52,0.41,0.599,17.85,313.25
test,Spotty,240912A_858.png,31.08,10.0,48.54,10.0,0.447,17.46,146.78
test,Spotty,240912A_972.png,79.62,30.41,300.0,3.29,0.394,220.38,375.0
test,Spotty,240912A_998.png,66.36,40.44,98.56,2.47,0.419,32.2,149.1
test,Spotty,240912B_204.png,14.45,13.82,300.0,7.24,0.188,285.55,146.53
test,Spotty,240912B_327.png,16.78,22.64,26.37,4.42,0.545,9.59,267.12
test,Spotty,240912B_366.png,16.34,19.03,17.74,5.25,0.648,1.39,267.53
test,Spotty,240912B_480.png,15.3,33.28,34.29,3.01,0.517,18.99,267.71
test,Spotty,240912B_627.png,17.22,11.52,20.64,8.68,0.539,3.42,149.45
test,Spotty,240912B_639.png,46.71,17.55,300.0,5.7,0.403,253.29,156.31
test,Spotty,240912B_85.png,33.42,300.0,300.0,0.33,0.478,266.58,183.85
test,Spotty,240912B_963.png,14.09,23.95,24.47,4.18,0.54,10.38,267.15
test,Spotty,240912B_985.png,264.9,10.0,25.22,10.0,0.775,239.68,149.34
test,Spotty,240925B_458.png,35.58,33.37,41.56,3.0,0.174,5.98,270.02
test,Spotty,240925B_811.png,33.76,32.53,41.0,3.07,0.238,7.24,268.59
test,Spotty,240925B_998.png,300.0,18.74,26.46,5.34,0.253,273.54,100.06
test,Spotty,240925B__725.png,133.98,25.9,226.42,3.86,0.141,92.44,155.94
test,Spotty,241011A_866.png,119.0,30.75,300.0,3.25,0.495,181.0,160.5
test,Spotty,241011A_939.png,58.61,133.54,51.48,0.75,0.721,7.12,144.04
test,Spotty,241011B_722.png,96.95,115.2,36.55,0.87,0.582,60.4,138.91
test,Spotty,241011B_758.png,94.77,156.66,43.42,0.64,0.59,51.35,139.89
test,Spotty,241011B_949.png,68.84,292.32,53.07,0.34,0.657,15.77,144.05
test,Spotty,241011B__517.png,68.75,222.7,77.66,0.45,0.625,8.91,143.5
test,Spotty,241011B__596.png,79.02,243.16,65.76,0.41,0.656,13.26,141.73
test,Spotty,241011B__659.png,91.66,196.91,55.24,0.51,0.666,36.42,139.63
test,Spotty,241011B__931.png,79.23,13.07,80.45,7.65,0.419,1.22,195.78
test,Spotty,241015A_528.png,156.61,53.39,10.0,1.87,0.47,146.61,356.54
test,Spotty,241015A_917.png,24.69,10.0,10.0,10.0,0.559,14.69,236.14
test,Spotty,241024A_425.png,213.97,18.09,23.5,5.53,0.423,190.47,273.39
test,Spotty,241024B_797.png,21.22,12.41,18.73,8.06,0.466,2.49,143.62
test,Spotty,241030A_342.png,45.55,27.44,300.0,3.64,0.537,254.45,157.89
test,Spotty,241030A_386.png,53.84,36.54,300.0,2.74,0.518,246.16,158.4
test,Spotty,241030A_436.png,58.11,44.8,300.0,2.23,0.499,241.89,159.28
test,Spotty,241030A_471.png,65.78,74.98,300.0,1.33,0.482,234.22,242.99
test,Spotty,241030A_485.png,64.31,69.53,300.0,1.44,0.485,235.69,229.57
test,Spotty,241030A_530.png,65.71,72.99,300.0,1.37,0.482,234.29,239.18
test,Spotty,241030A_595.png,65.58,74.0,300.0,1.35,0.481,234.42,245.35
test,Spotty,241030A_634.png,66.22,81.19,205.21,1.23,0.48,138.99,260.51
test,Spotty,241030A_696.png,66.02,82.22,180.66,1.22,0.483,114.65,265.07
test,Spotty,241030A_731.png,66.42,82.29,198.7,1.22,0.482,132.29,261.72
test,Spotty,241030A_788.png,64.86,81.87,164.1,1.22,0.484,99.25,268.12
test,Spotty,241030A_832.png,65.79,82.06,148.67,1.22,0.486,82.88,270.82
test,Spotty,241030A_873.png,71.56,40.69,300.0,2.46,0.537,228.44,159.08
test,Spotty,241030A_914.png,84.22,33.97,300.0,2.94,0.49,215.78,156.38
test,Spotty,241030A_952.png,80.04,30.96,300.0,3.23,0.482,219.96,155.14
test,Spotty,241030A_998.png,68.65,24.4,300.0,4.1,0.486,231.35,155.99
test,Spotty,241031A_880.png,42.99,37.39,24.33,2.67,0.423,18.66,253.69
test,Spotty,241031A_998.png,49.92,46.7,39.58,2.14,0.473,10.34,249.21
test,Spotty,250212A1.png,297.32,28.23,56.23,3.54,0.389,241.1,221.45
test,Spotty,250212A1_292.png,26.18,10.0,21.49,10.0,0.524,4.68,136.5
test,Spotty,250212A1_295.png,26.19,127.65,21.83,0.78,0.379,4.36,136.61
test,Spotty,250212A1_998.png,52.45,25.3,26.53,3.95,0.448,25.92,138.3
test,Spotty,250213A1_509.png,81.66,299.41,38.42,0.33,0.525,43.24,144.38
test,Spotty,250213A1_833.png,37.14,300.0,21.35,0.33,0.526,15.79,137.44
test,Spotty,250213A1_998.png,195.21,10.0,20.11,10.0,0.537,175.1,153.23
test,Spotty,250213A2_281.png,108.21,17.46,36.57,5.73,0.527,71.64,142.95
test,Spotty,250213A2_579.png,105.21,259.7,36.76,0.39,0.533,68.45,146.28
test,Spotty,250213A3_45.png,54.56,26.04,25.08,3.84,0.511,29.48,137.55
test,Spotty,250213A3_50.png,52.48,26.73,24.47,3.74,0.511,28.01,137.21
test,Spotty,250214A1_870.png,141.49,56.57,42.7,1.77,0.352,98.78,135.49
test,Spotty,250214A1_998.png,22.77,300.0,28.0,0.33,0.508,5.23,133.23
test,Spotty,250214A2_312.png,77.42,90.11,41.57,1.11,0.305,35.85,133.39
test,Spotty,250214A2_669.png,28.92,300.0,29.58,0.33,0.528,0.66,133.02
test,Spotty,250214A2_958.png,27.36,300.0,32.38,0.33,0.525,5.02,131.92
test,Spotty,250228B1_399.png,29.65,26.99,22.42,3.7,0.0,7.23,167.77
test,Spotty,250228B1_487.png,32.31,26.18,10.0,3.82,0.0,22.31,367.19
test,Spotty,250228B1_615.png,50.78,37.89,24.62,2.64,0.0,26.16,162.82
test,Spotty,250228B1_799.png,162.76,33.47,49.19,2.99,0.0,113.57,160.38
test,Spotty,250228B1_899.png,127.61,85.76,107.25,1.17,0.0,20.36,165.67
test,Spotty,250228B1_998.png,104.7,75.5,139.13,1.32,0.0,34.44,167.53
test,Spotty,250306A1_888.png,21.07,206.26,12.36,0.48,0.437,8.71,139.86
test,Spotty,250306B1_21.png,166.27,30.84,24.85,3.24,0.145,141.43,147.39
test,Spotty,250306B1_321.png,29.86,299.59,23.71,0.33,0.502,6.16,139.84
test,Spotty,250306B1_524.png,25.44,215.54,22.45,0.46,0.564,2.99,142.4
test,Spotty,250306B1_797.png,23.04,10.0,12.31,10.0,0.571,10.73,139.34
test,Spotty,250306B1_983.png,20.62,26.83,13.15,3.73,0.533,7.47,136.92
test,Spotty,250306B2_142.png,33.67,23.97,24.22,4.17,0.632,9.44,136.99
test,Spotty,250306B2_731.png,32.67,214.14,29.92,0.47,0.514,2.76,145.85
test,Spotty,250312A1_294.png,128.93,38.29,64.54,2.61,0.362,64.38,161.19
test,Spotty,250312A1_398.png,101.44,37.81,167.5,2.64,0.133,66.06,167.08
test,Spotty,250312A1_508.png,101.99,36.34,176.6,2.75,0.045,74.61,167.25
test,Spotty,250312A1_683.png,97.67,33.6,182.07,2.98,0.001,84.4,164.25
test,Spotty,250312A1_713.png,97.83,33.28,185.27,3.0,0.002,87.44,163.77
test,Spotty,250312A1_738.png,93.59,33.1,177.83,3.02,0.0,84.24,163.8
test,Spotty,250312A1_864.png,93.59,32.8,183.68,3.05,0.0,90.09,163.22
test,Spotty,250312A1_961.png,91.71,32.62,177.95,3.07,0.0,86.24,162.55
test,Spotty,250312B1_359.png,290.58,32.22,146.68,3.1,0.0,143.9,184.09
test,Spotty,250312B1_718.png,288.1,30.05,111.68,3.33,0.0,176.42,177.82
test,Spotty,250312B1_919.png,300.0,34.27,124.18,2.92,0.0,175.82,197.79
test,Spotty,250312B1_963.png,27.57,194.96,28.52,0.51,0.347,0.95,248.31
test,Spotty,250602A1_471.png,152.66,34.35,62.43,2.91,0.0,90.23,167.04
test,Spotty,250602A1_557.png,300.0,34.31,61.22,2.91,0.0,238.78,160.84
test,Spotty,250602A1_663.png,300.0,34.48,57.84,2.9,0.0,242.16,158.96
test,Spotty,250602A1_729.png,270.93,32.35,60.53,3.09,0.0,210.41,205.17
test,Spotty,250602A1_735.png,247.77,32.67,62.73,3.06,0.0,185.03,212.92
test,Spotty,250602A1_943.png,51.98,36.82,67.75,2.72,0.0,15.77,243.32
test,Spotty,250602A1_998.png,53.51,37.37,65.31,2.68,0.0,11.8,243.37
test,Spotty,250604A1_218.png,32.39,34.58,67.0,2.89,0.215,34.61,160.14
test,Spotty,250604A1_222.png,32.09,34.62,66.89,2.89,0.207,34.8,159.89
test,Spotty,250604A1_299.png,22.66,34.58,45.96,2.89,0.15,23.3,245.17
test,Spotty,250604A1_319.png,22.02,35.25,47.38,2.84,0.151,25.36,245.25
test,Spotty,250604A1_330.png,22.35,35.83,52.07,2.79,0.154,29.72,245.42
test,Spotty,250604A1_416.png,10.0,36.71,56.81,2.72,0.167,46.81,283.56
test,Spotty,250604A1_478.png,24.48,36.92,64.9,2.71,0.173,40.43,245.13
test,Spotty,250604A1_533.png,25.32,37.2,69.51,2.69,0.179,44.19,245.01
test,Spotty,250604A1_577.png,25.89,37.38,75.9,2.68,0.182,50.01,244.78
test,Spotty,250604A1_654.png,26.1,37.52,83.04,2.67,0.186,56.94,244.81
test,Spotty,250604A1_782.png,300.0,35.97,86.34,2.78,0.149,213.66,134.13
test,Spotty,250604A1_855.png,28.21,239.96,16.05,0.42,0.51,12.16,241.2
test,Spotty,250604A1_907.png,123.9,58.95,92.04,1.7,0.041,31.86,130.77
test,Spotty,250604A1_954.png,36.31,76.3,57.7,1.31,0.201,21.39,241.83
test,Spotty,250604A1_978.png,24.95,36.92,78.85,2.71,0.126,53.9,243.94
test,Spotty,250604A1_998.png,50.13,71.01,55.83,1.41,0.156,5.7,213.14
test,Spotty,250604_921.png,47.02,48.67,43.8,2.05,0.186,3.22,213.3
test,Streaks,240708T160508.png,43.96,38.02,30.06,2.63,0.537,13.89,171.9
test,Streaks,240708T160605.png,49.5,40.19,32.76,2.49,0.527,16.74,172.0
test,Streaks,240709A_310.png,270.27,300.0,35.06,0.33,0.48,235.21,285.46
test,Streaks,240709A_CdTe_185.png,51.34,40.33,300.0,2.48,0.425,248.66,152.05
test,Streaks,240709A_CdTe_389.png,233.22,80.76,211.45,1.24,0.538,21.77,160.41
test,Streaks,240709A_CdTe__95.png,225.03,38.81,173.89,2.58,0.457,51.14,179.86
test,Streaks,240709T133635.png,53.6,181.85,50.07,0.55,0.792,3.53,158.52
test,Streaks,240709T143445.png,250.81,39.13,282.6,2.56,0.42,31.79,208.74
test,Streaks,240709T143758.png,192.75,150.87,248.72,0.66,0.609,55.96,186.1
test,Streaks,240710B_279.png,32.58,54.19,52.74,1.85,0.168,20.16,137.21
test,Streaks,240710B_28.png,15.45,11.88,12.2,8.42,0.289,3.25,136.32
test,Streaks,240710B_368.png,145.15,10.0,10.0,10.0,0.47,135.15,297.57
test,Streaks,240710B_583.png,13.75,300.0,14.63,0.33,0.542,0.87,338.76
test,Streaks,240710B_749.png,28.58,20.17,238.97,4.96,0.404,210.39,161.22
test,Streaks,240710B_935.png,10.22,45.02,13.83,2.22,0.523,3.6,168.77
test,Streaks,240710B_961.png,163.82,10.0,182.39,10.0,0.511,18.58,248.31
test,Streaks,240710B_CdTe_15.png,10.0,10.0,14.53,10.0,0.556,4.53,136.1
test,Streaks,240710B_CdTe_259.png,31.1,44.58,47.33,2.24,0.148,16.23,136.87
test,Streaks,240710B_CdTe_370.png,151.95,10.0,299.94,10.0,0.506,147.98,375.0
test,Streaks,240710B_CdTe_526.png,24.51,18.39,300.0,5.44,0.317,275.49,147.98
test,Streaks,240710B_CdTe_709.png,188.3,19.02,31.09,5.26,0.135,157.21,158.8
test,Streaks,240710B_CdTe_839.png,10.0,10.0,13.68,10.0,0.236,3.68,135.56
test,Streaks,240710B_CdTe_921.png,13.97,300.0,10.0,0.33,0.575,3.97,282.15
test,Streaks,240710B_CdTe_976.png,37.76,20.39,209.26,4.91,0.434,171.5,144.29
test,Streaks,240710T152704_CdTe.png,28.69,20.32,30.49,4.92,0.295,1.8,138.68
test,Streaks,240710T153830.png,24.38,240.29,44.08,0.42,0.438,19.7,198.92
test,Streaks,240712A_118.png,27.47,20.11,29.5,4.97,0.0,2.03,170.56
test,Streaks,240712A_209.png,98.95,39.73,104.8,2.52,0.0,5.85,168.67
test,Streaks,240712A_25.png,39.82,16.67,193.98,6.0,0.0,154.16,168.33
test,Streaks,240712A_296.png,155.83,33.6,85.33,2.98,0.0,70.5,164.35
test,Streaks,240712A_GeTe.png,39.42,25.05,300.0,3.99,0.0,260.58,130.26
test,Streaks,240712A_GeTe_InGeTe_122.png,24.16,17.13,44.31,5.84,0.0,20.14,170.35
test,Streaks,240712A_GeTe_InGeTe_200.png,34.52,34.84,90.95,2.87,0.0,56.43,167.37
test,Streaks,240712A_GeTe_InGeTe_277.png,26.71,17.39,46.34,5.75,0.0,19.63,170.16
test,Streaks,240712A_GeTe_InGeTe_333.png,85.54,40.3,66.82,2.48,0.041,18.71,169.96
test,Streaks,240712A_GeTe_InGeTe_445.png,78.56,39.81,69.94,2.51,0.139,8.62,169.02
test,Streaks,240712A_GeTe_InGeTe_48.png,31.16,19.3,60.71,5.18,0.0,29.56,170.28
test,Streaks,240712A_GeTe_InGeTe_481.png,34.67,26.26,41.37,3.81,0.226,6.69,168.97
test,Streaks,240712A_GeTe_InGeTe_537.png,95.73,37.95,74.99,2.64,0.086,20.73,166.56
test,Streaks,240712A_GeTe_InGeTe_610.png,55.64,25.29,58.0,3.95,0.242,2.36,167.09
test,Streaks,240712A_GeTe_InGeTe_705.png,49.94,33.67,53.69,2.97,0.299,3.76,166.07
test,Streaks,240712A_GeTe_InGeTe_781.png,85.66,41.65,79.22,2.4,0.4,6.44,164.81
test,Streaks,240712A_GeTe_InGeTe_839.png,56.43,30.09,56.95,3.32,0.29,0.52,164.74
test,Streaks,240712A_GeTe_InGeTe_914.png,52.86,29.04,53.56,3.44,0.238,0.7,164.76
test,Streaks,240712A_GeTe_InGeTe_989.png,42.85,36.69,143.57,2.73,0.297,100.72,159.49
test,Streaks,240712A_InGeTe_123.png,58.17,63.02,38.23,1.59,0.427,19.94,161.31
test,Streaks,240712A_InGeTe_201.png,103.88,37.78,36.01,2.65,0.729,67.87,169.4
test,Streaks,240712A_InGeTe_299.png,42.2,36.7,58.57,2.72,0.462,16.37,171.05
test,Streaks,240712A_InGeTe_378.png,44.07,22.95,42.05,4.36,0.282,2.02,173.1
test,Streaks,240712A_InGeTe_427.png,93.05,30.13,22.61,3.32,0.607,70.44,100.17
test,Streaks,240712A_InGeTe_500.png,39.68,25.32,39.69,3.95,0.338,0.02,173.75
test,Streaks,240712A_InGeTe_58.png,20.58,23.2,30.73,4.31,0.506,10.15,98.57
test,Streaks,240712B_Ge_Te_15min_134.png,23.08,15.31,16.11,6.53,0.271,6.97,176.0
test,Streaks,240712B_Ge_Te_15min_36.png,162.33,10.24,10.0,9.77,0.05,152.33,292.32
test,Streaks,240712B_Ge_Te_15min_632.png,22.26,15.87,19.42,6.3,0.351,2.85,176.7
test,Streaks,240712B_Ge_Te_306.png,32.54,19.32,23.85,5.18,0.04,8.69,175.63
test,Streaks,240712B_Ge_Te_5min_350.png,40.09,32.52,29.49,3.07,0.213,10.6,175.01
test,Streaks,240712B_Ge_Te_5min_692.png,31.11,25.78,37.47,3.88,0.147,6.36,175.37
test,Streaks,240712B_Ge_Te_5min_755.png,12.78,10.0,10.0,10.0,0.222,2.78,228.0
test,Streaks,240712B_Ge_Te_5min_892.png,20.55,20.46,23.75,4.89,0.205,3.2,178.07
test,Streaks,240712B_Ge_Te_5min_90.png,28.27,21.59,10.0,4.63,0.099,18.27,271.52
test,Streaks,240712B_Ge_Te_5min_954.png,44.69,34.47,29.28,2.9,0.257,15.41,174.52
test,Streaks,240712B_Ge_Te_670.png,167.32,20.41,79.22,4.9,0.0,88.1,161.36
test,Streaks,240712_v2_13.png,39.24,22.03,48.57,4.54,0.0,9.33,170.45
test,Streaks,240712_v2_84.png,48.08,21.23,97.6,4.71,0.222,49.52,170.73
test,Streaks,240712_v_0.png,53.37,45.26,110.27,2.21,0.542,56.91,170.03
test,Streaks,240712_v_149.png,144.73,37.98,52.02,2.63,0.174,92.71,170.33
test,Streaks,240712_v_237.png,45.44,19.92,45.91,5.02,0.245,0.47,171.59
test,Streaks,240712_v_279.png,42.9,24.62,63.62,4.06,0.193,20.72,171.1
test,Streaks,240712_v_339.png,56.03,20.11,47.31,4.97,0.172,8.72,171.54
test,Streaks,240712_v_374.png,44.74,17.61,54.23,5.68,0.156,9.49,171.58
test,Streaks,240712_v_417.png,28.7,29.1,300.0,3.44,0.17,271.3,132.5
test,Streaks,240712_v_468.png,35.62,39.15,127.96,2.55,0.191,92.34,170.13
test,Streaks,240712_v_509.png,300.0,29.58,36.24,3.38,0.009,263.76,152.04
test,Streaks,240712_v_569.png,49.74,35.74,123.26,2.8,0.165,73.52,170.41
test,Streaks,240712_v_61.png,300.0,19.07,41.02,5.24,0.217,258.98,154.99
test,Streaks,240712_v_690.png,43.84,22.78,82.62,4.39,0.155,38.79,169.91
test,Streaks,240712_v_716.png,73.46,34.6,56.89,2.89,0.0,16.57,170.11
test,Streaks,240712_v_733.png,34.04,19.91,36.11,5.02,0.0,2.07,171.19
test,Streaks,240715A_Ge_Te_InGeTe_173.png,24.24,32.3,300.0,3.1,0.089,275.76,161.53
test,Streaks,240715A_Ge_Te_InGeTe_277.png,24.86,40.71,19.66,2.46,0.224,5.2,171.12
test,Streaks,240715A_Ge_Te_InGeTe_330.png,82.52,46.39,118.78,2.16,0.0,36.26,173.56
test,Streaks,240715A_Ge_Te_InGeTe_45.png,300.0,14.98,25.62,6.67,0.0,274.38,105.99
test,Streaks,240715A_Ge_Te_InGeTe_533.png,189.75,25.62,66.75,3.9,0.0,123.0,157.08
test,Streaks,240715A_Ge_Te_InGeTe_663.png,95.17,52.04,27.38,1.92,0.194,67.79,167.87
test,Streaks,240715A_Ge_Te_InGeTe_923.png,43.85,18.44,83.36,5.42,0.314,39.51,164.74
test,Streaks,240716B_189.png,11.8,34.45,25.89,2.9,0.511,14.09,134.18
test,Streaks,240716B_268.png,233.66,31.99,145.6,3.13,0.561,88.06,128.54
test,Streaks,240716B_336.png,48.0,36.02,220.9,2.78,0.497,172.89,147.93
test,Streaks,240716B_50.png,10.0,10.0,14.88,10.0,0.459,4.88,135.53
test,Streaks,240716B_968.png,194.72,10.03,15.25,9.97,0.557,179.47,241.58
test,Streaks,240716B_991.png,13.41,39.39,19.3,2.54,0.499,5.89,269.81
test,Streaks,240716B_992.png,33.44,222.54,15.9,0.45,0.461,17.54,205.42
test,Streaks,240716B_998.png,16.73,10.0,10.0,10.0,0.506,6.73,253.58
test,Streaks,240716B__220.png,53.24,44.06,47.34,2.27,0.467,5.9,137.09
test,Streaks,240716B__454.png,21.61,22.6,26.1,4.42,0.377,4.48,135.42
test,Streaks,240716B__508.png,15.26,19.07,17.29,5.24,0.494,2.03,135.78
test,Streaks,240716B__509.png,10.0,10.0,17.96,10.0,0.426,7.96,135.62
test,Streaks,240716B__678.png,60.77,46.89,68.15,2.13,0.511,7.38,138.52
test,Streaks,240716B__788.png,23.82,300.0,16.33,0.33,0.343,7.49,136.64
test,Streaks,240716C_141.png,174.22,300.0,13.69,0.33,0.49,160.53,108.37
test,Streaks,240716C_168.png,44.86,36.4,190.15,2.75,0.505,145.3,148.73
test,Streaks,240716C_194.png,10.0,300.0,16.96,0.33,0.533,6.96,201.86
test,Streaks,240716C_220.png,13.93,17.99,15.37,5.56,0.487,1.43,136.03
test,Streaks,240716C_246.png,12.33,10.11,10.0,9.89,0.506,2.33,187.86
test,Streaks,240716C_299.png,10.0,112.32,18.53,0.89,0.527,8.53,201.47
test,Streaks,240716C_324.png,21.17,17.18,20.96,5.82,0.433,0.21,138.87
test,Streaks,240716C_350.png,10.47,300.0,15.59,0.33,0.487,5.12,199.06
test,Streaks,240716C_405.png,179.82,300.0,18.13,0.33,0.538,161.69,218.63
test,Streaks,240718A_MnTe_160min_109.png,19.63,90.96,10.0,1.1,0.455,9.63,266.06
test,Streaks,240718A_MnTe_160min_584.png,18.62,33.36,10.0,3.0,0.36,8.62,234.17
test,Streaks,240718A_MnTe_160min_767.png,33.43,22.18,12.16,4.51,0.348,21.27,88.85
test,Streaks,240718A_MnTe_160min_952.png,20.48,45.16,300.0,2.21,0.293,279.52,315.36
test,Streaks,240718A_MnTe_300min_359.png,23.37,300.0,26.48,0.33,0.427,3.1,86.02
test,Streaks,240718A_MnTe_300min_767.png,18.52,13.59,10.0,7.36,0.492,8.52,207.07
test,Streaks,240718A_MnTe_300min_901.png,19.9,81.86,24.78,1.22,0.463,4.88,171.07
test,Streaks,240718A_MnTe_300min_959.png,23.87,54.31,20.56,1.84,0.471,3.32,167.24
test,Streaks,240718A_MnTe_50min_123.png,35.36,234.09,21.85,0.43,0.55,13.51,168.45
test,Streaks,240718A_MnTe_50min_182.png,26.83,17.52,136.5,5.71,0.267,109.67,85.85
test,Streaks,240718A_MnTe_50min_363.png,255.1,10.0,10.0,10.0,0.415,245.1,278.84
test,Streaks,240718A_MnTe_50min_401.png,21.41,173.75,10.0,0.58,0.497,11.41,137.54
test,Streaks,240718A_MnTe_50min_41.png,185.05,17.15,16.29,5.83,0.228,168.76,129.35
test,Streaks,240718A_MnTe_50min_597.png,25.41,245.9,10.0,0.41,0.435,15.41,318.74
test,Streaks,240718A_MnTe_50min_797.png,19.67,10.0,10.0,10.0,0.437,9.67,235.83
test,Streaks,240718A_MnTe_50min_896.png,22.99,12.82,10.0,7.8,0.406,12.99,236.03
test,Streaks,240718A_MnTe_50min_991.png,20.92,114.97,10.0,0.87,0.493,10.92,282.03
test,Streaks,240719B_MnTe_42mins_396.png,41.08,72.53,76.91,1.38,0.362,35.83,154.88
test,Streaks,240719B_MnTe_42mins_517.png,35.19,83.13,80.05,1.2,0.306,44.86,156.04
test,Streaks,240719B_MnTe_42mins_791.png,30.65,36.42,300.0,2.75,0.299,269.35,136.18
test,Streaks,240719B_MnTe_42mins_892.png,60.42,51.71,97.04,1.93,0.34,36.62,153.39
test,Streaks,240719B_MnTe_42mins_938.png,23.72,251.02,20.43,0.4,0.539,3.29,157.2
test,Streaks,240729B_GaAs_MnTe_0min_171.png,41.48,36.59,30.51,2.73,0.408,10.97,165.57
test,Streaks,240729B_GaAs_MnTe_0min_581.png,34.58,27.88,24.26,3.59,0.378,10.32,164.73
test,Streaks,240729B_GaAs_MnTe_0min_670.png,38.8,31.92,29.31,3.13,0.414,9.49,164.11
test,Streaks,240729B_GaAs_MnTe_0min_76.png,34.42,26.18,25.55,3.82,0.334,8.87,173.87
test,Streaks,240729B_GaAs_MnTe_0min_810.png,37.09,30.43,27.54,3.29,0.429,9.55,163.58
test,Streaks,240729B_GaAs_MnTe_0min_883.png,31.13,23.55,10.0,4.25,0.465,21.13,307.6
test,Streaks,240729B_GaAs_MnTe_0min_991.png,36.48,29.13,25.85,3.43,0.458,10.63,163.22
test,Streaks,240729B_GaAs_MnTe_28min_131.png,31.52,35.41,21.56,2.82,0.475,9.96,165.45
test,Streaks,240729B_GaAs_MnTe_28min_253.png,27.79,34.26,19.15,2.92,0.477,8.64,165.36
test,Streaks,240729B_GaAs_MnTe_28min_522.png,19.75,14.49,10.0,6.9,0.463,9.75,220.55
test,Streaks,240729B_GaAs_MnTe_28min_588.png,32.69,46.85,26.31,2.13,0.44,6.37,164.39
test,Streaks,240729B_GaAs_MnTe_28min_736.png,30.53,46.33,21.86,2.16,0.495,8.67,165.85
test,Streaks,240729B_GaAs_MnTe_28min_925.png,25.22,42.06,300.0,2.38,0.364,274.78,313.57
test,Streaks,240730A_GaAs_MnTe_12min_112.png,34.22,25.2,30.33,3.97,0.289,3.89,159.11
test,Streaks,240730A_GaAs_MnTe_12min_178.png,250.48,26.01,29.07,3.84,0.378,221.42,161.79
test,Streaks,240730A_GaAs_MnTe_12min_225.png,40.6,26.71,33.4,3.74,0.348,7.19,158.57
test,Streaks,240730A_GaAs_MnTe_12min_390.png,31.22,24.66,28.95,4.06,0.285,2.27,158.86
test,Streaks,240730A_GaAs_MnTe_12min_458.png,300.0,23.88,27.22,4.19,0.352,272.78,155.48
test,Streaks,240730A_GaAs_MnTe_12min_480.png,30.29,25.35,26.33,3.95,0.297,3.97,158.92
test,Streaks,240730A_GaAs_MnTe_12min_592.png,300.0,25.38,26.63,3.94,0.326,273.37,155.66
test,Streaks,240730A_GaAs_MnTe_12min_705.png,29.42,30.69,50.83,3.26,0.29,21.4,155.9
test,Streaks,240730A_GaAs_MnTe_12min_770.png,34.6,25.5,30.65,3.92,0.311,3.95,158.61
test,Streaks,240730A_GaAs_MnTe_12min_853.png,32.4,39.36,70.06,2.54,0.346,37.66,156.47
test,Streaks,240730A_GaAs_MnTe_12min_945.png,225.06,21.52,29.13,4.65,0.446,195.93,187.84
test,Streaks,240730A_GaAs_MnTe_12min_968.png,132.3,30.64,28.43,3.26,0.276,103.87,157.65
test,Streaks,240730B_GaAs_MnTe_0min_407.png,35.5,36.52,35.99,2.74,0.409,0.49,167.03
test,Streaks,240730B_GaAs_MnTe_0min_725.png,75.27,45.86,38.46,2.18,0.521,36.81,154.33
test,Streaks,240730B_GaAs_MnTe__Te_0min_127.png,41.65,72.03,51.47,1.39,0.43,9.82,158.49
test,Streaks,240730B_GaAs_MnTe__Te_0min_59.png,49.91,37.61,41.95,2.66,0.316,7.96,155.71
test,Streaks,240731A_MnTe_12min_209.png,300.0,17.36,38.11,5.76,0.352,261.89,87.06
test,Streaks,240731A_MnTe_12min_354.png,17.54,300.0,10.0,0.33,0.258,7.54,259.29
test,Streaks,240731A_MnTe_12min_498.png,241.19,16.44,124.17,6.08,0.261,117.03,99.0
test,Streaks,240731A_MnTe_12min_595.png,17.59,15.28,211.8,6.55,0.404,194.2,124.58
test,Streaks,240731A_MnTe_12min_74.png,17.47,299.99,10.0,0.33,0.305,7.47,262.88
test,Streaks,240731A_MnTe_12min_826.png,24.89,20.11,201.06,4.97,0.223,176.17,83.99
test,Streaks,240731A_MnTe_12min_976.png,186.55,18.99,30.18,5.26,0.259,156.37,93.44
test,Streaks,240801A_MnTe_14min_339.png,100.88,50.29,59.98,1.99,0.495,40.9,160.03
test,Streaks,240801A_MnTe_14min_522.png,76.2,46.55,73.91,2.15,0.425,2.29,158.52
test,Streaks,240801A_MnTe_14min_648.png,98.8,55.06,76.83,1.82,0.539,21.96,159.23
test,Streaks,240801A_MnTe_14min_720.png,50.76,30.78,62.24,3.25,0.408,11.48,157.21
test,Streaks,240801A_MnTe_14min_919.png,83.1,55.22,63.06,1.81,0.426,20.04,158.32
test,Streaks,240802A_MnTe_0min_361.png,72.56,52.17,61.25,1.92,0.472,11.31,169.31
test,Streaks,240802A_MnTe_11min_.png,32.69,31.1,26.84,3.22,0.305,5.85,158.72
test,Streaks,240802A_MnTe_11min_101.png,32.69,31.1,26.84,3.22,0.305,5.85,158.72
test,Streaks,240802A_MnTe_11min_147.png,77.24,27.59,30.56,3.62,0.298,46.68,157.67
test,Streaks,240802A_MnTe_11min_217.png,31.43,25.9,34.67,3.86,0.309,3.24,158.07
test,Streaks,240802A_MnTe_11min_268.png,64.96,25.71,29.64,3.89,0.303,35.32,157.44
test,Streaks,240802A_MnTe_11min_365.png,49.29,27.59,38.24,3.62,0.306,11.05,158.49
test,Streaks,240802A_MnTe_11min_502.png,28.64,23.62,10.0,4.23,0.342,18.64,254.87
test,Streaks,240802A_MnTe_11min_656.png,70.09,29.23,30.13,3.42,0.318,39.96,158.33
test,Streaks,240802A_MnTe_11min_847.png,36.89,24.4,35.43,4.1,0.245,1.46,157.71
test,Streaks,240802A_MnTe_11min_925.png,35.31,63.39,52.7,1.58,0.507,17.38,152.75
test,Streaks,240802A_MnTe_GeTe_0min_124.png,44.02,25.72,47.98,3.89,0.228,3.96,160.72
test,Streaks,240802A_MnTe_GeTe_0min_268.png,46.35,30.37,41.51,3.29,0.49,4.84,168.74
test,Streaks,240802A_MnTe_GeTe_0min_33.png,123.87,41.09,35.67,2.43,0.231,88.19,159.06
test,Streaks,240802A_MnTe_GeTe_0min_462.png,60.65,42.62,50.85,2.35,0.489,9.8,171.34
test,Streaks,240802A_MnTe_GeTe_0min_555.png,36.29,26.99,27.53,3.7,0.488,8.76,171.91
test,Streaks,240802A_MnTe_GeTe_0min_833.png,51.75,33.79,47.33,2.96,0.433,4.43,171.76
test,Streaks,240802A_MnTe_GeTe_0min_928.png,104.07,38.54,62.9,2.59,0.41,41.17,172.09
test,Streaks,240809A_GeTe_32min_141.png,22.21,170.55,25.68,0.59,0.395,3.47,85.69
test,Streaks,240809A_GeTe_32min_246.png,39.92,37.07,19.62,2.7,0.0,20.29,172.11
test,Streaks,240809A_GeTe_32min_256.png,35.31,27.57,26.53,3.63,0.0,8.78,168.33
test,Streaks,240809A_GeTe_32min_414.png,41.86,39.95,26.49,2.5,0.0,15.38,171.08
test,Streaks,240809A_GeTe_32min_442.png,22.56,38.51,10.0,2.6,0.0,12.56,246.77
test,Streaks,240809C_InGeTe_20min_100.png,194.15,17.62,10.0,5.68,0.584,184.15,327.29
test,Streaks,240809C_InGeTe_20min_184.png,70.92,33.08,34.18,3.02,0.381,36.74,173.54
test,Streaks,240809C_InGeTe_20min_19.png,30.36,23.21,217.68,4.31,0.501,187.32,213.48
test,Streaks,240809C_InGeTe_20min_390.png,27.93,31.15,168.65,3.21,0.51,140.72,110.36
test,Streaks,240809C_InGeTe_20min_525.png,57.28,45.92,50.5,2.18,0.364,6.78,173.63
test,Streaks,240809C_InGeTe_20min_628.png,25.41,24.65,26.62,4.06,0.384,1.21,174.35
test,Streaks,240809C_InGeTe_20min_779.png,300.0,25.48,45.59,3.93,0.518,254.41,104.96
test,Streaks,240809C_InGeTe_20min_881.png,39.13,27.26,27.02,3.67,0.375,12.12,173.99
test,Streaks,240809C_InGeTe_20min_998.png,37.36,32.42,164.61,3.08,0.501,127.25,110.29
test,Streaks,240813A_MnTe_0min_262.png,20.89,44.1,10.0,2.27,0.576,10.89,235.43
test,Streaks,240813A_MnTe_0min_315.png,23.63,45.16,238.95,2.21,0.44,215.32,313.05
test,Streaks,240813A_MnTe_180min_263.png,32.13,23.86,10.0,4.19,0.245,22.13,84.27
test,Streaks,240813A_MnTe_180min_401.png,16.2,300.0,10.0,0.33,0.44,6.2,183.57
test,Streaks,240813A_MnTe_180min_627.png,33.58,24.53,10.0,4.08,0.259,23.58,84.41
test,Streaks,240813A_MnTe_180min_872.png,24.2,300.0,29.65,0.33,0.477,5.45,84.37
test,Streaks,240813A_MnTe_Te_0min_114.png,22.99,27.91,104.35,3.58,0.0,81.36,152.05
test,Streaks,240813A_MnTe_Te_0min_19.png,59.81,26.06,25.55,3.84,0.0,34.25,157.82
test,Streaks,240813A_MnTe_Te_0min_65.png,49.3,31.43,58.14,3.18,0.0,8.85,156.0
test,Streaks,240814A_MnTe_65min_30.png,34.28,20.17,54.84,4.96,0.132,20.56,91.03
test,Streaks,240814A_MnTe_65min_418.png,19.45,14.67,300.0,6.82,0.22,280.55,120.31
test,Streaks,240814A_MnTe_65min_564.png,19.95,14.57,300.0,6.86,0.241,280.05,118.02
test,Streaks,240814A_MnTe_65min_711.png,175.0,16.34,66.91,6.12,0.176,108.09,124.37
test,Streaks,240814A_MnTe_65min_947.png,76.77,230.65,69.7,0.43,0.494,7.07,180.32
test,Streaks,240814A_MnTe_65min_98.png,300.0,18.79,10.0,5.32,0.126,290.0,135.06
test,Streaks,240823B_GeTe_MnTe_0min_186.png,83.22,44.16,76.17,2.26,0.456,7.05,163.24
test,Streaks,240823B_GeTe_MnTe_0min_376.png,39.96,37.82,54.57,2.64,0.321,14.6,163.2
test,Streaks,240823B_GeTe_MnTe_0min_460.png,42.28,40.58,60.26,2.46,0.304,17.99,160.11
test,Streaks,240823B_GeTe_MnTe_0min_612.png,300.0,36.79,206.15,2.72,0.229,93.85,178.46
test,Streaks,240823B_GeTe_MnTe_0min_698.png,62.32,41.62,49.81,2.4,0.432,12.51,163.37
test,Streaks,240823B_GeTe_MnTe_0min_769.png,34.31,37.33,34.7,2.68,0.312,0.39,163.24
test,Streaks,240823B_GeTe_MnTe_0min_837.png,47.64,30.7,300.0,3.26,0.345,252.36,132.43
test,Streaks,240823B_GeTe_MnTe_0min_905.png,41.93,30.72,37.89,3.26,0.247,4.04,163.28
test,Streaks,240823B_GeTe_MnTe_0min_994.png,119.81,38.39,39.14,2.6,0.271,80.67,160.77
test,Streaks,240903B_229.png,52.52,53.38,52.1,1.87,0.543,0.42,154.56
test,Streaks,240903B_516.png,111.74,55.5,74.1,1.8,0.569,37.63,154.53
test,Streaks,240903B_658.png,103.24,56.43,62.98,1.77,0.58,40.26,153.93
test,Streaks,240903B_921.png,206.48,21.83,33.46,4.58,0.511,173.03,135.21
test,Streaks,240903B_long_1.png,222.08,29.63,47.76,3.37,0.557,174.32,139.12
test,Streaks,240903B_short_1.png,95.93,79.28,58.5,1.26,0.548,37.43,263.31
test,Streaks,240904A_MnTe_CdTe_0min_105.png,42.07,31.44,35.79,3.18,0.397,6.28,161.82
test,Streaks,240904A_MnTe_CdTe_0min_167.png,32.69,39.4,45.94,2.54,0.196,13.25,161.52
test,Streaks,240904A_MnTe_CdTe_0min_228.png,51.63,52.43,80.03,1.91,0.428,28.39,163.74
test,Streaks,240904A_MnTe_CdTe_0min_2_0.png,33.87,26.18,35.84,3.82,0.199,1.97,162.56
test,Streaks,240904A_MnTe_CdTe_0min_2_180.png,34.23,25.21,35.82,3.97,0.125,1.59,161.45
test,Streaks,240904A_MnTe_CdTe_0min_2_274.png,86.63,40.42,50.13,2.47,0.39,36.5,165.08
test,Streaks,240904A_MnTe_CdTe_0min_2_334.png,59.48,44.52,56.94,2.25,0.551,2.54,162.68
test,Streaks,240904A_MnTe_CdTe_0min_2_514.png,53.1,50.75,62.12,1.97,0.538,9.02,162.68
test,Streaks,240904A_MnTe_CdTe_0min_2_62.png,55.62,36.49,56.05,2.74,0.226,0.43,163.34
test,Streaks,240904A_MnTe_CdTe_0min_2_665.png,60.11,42.63,46.34,2.35,0.481,13.77,161.87
test,Streaks,240904A_MnTe_CdTe_0min_2_791.png,58.28,34.86,56.13,2.87,0.21,2.14,164.04
test,Streaks,240904A_MnTe_CdTe_0min_2_852.png,53.46,42.1,58.35,2.38,0.464,4.89,163.54
test,Streaks,240904A_MnTe_CdTe_0min_2_977.png,29.96,36.28,63.16,2.76,0.023,33.2,161.98
test,Streaks,240904A_MnTe_CdTe_0min_348.png,54.56,38.91,46.62,2.57,0.284,7.95,163.53
test,Streaks,240904A_MnTe_CdTe_0min_407.png,78.82,40.03,41.14,2.5,0.39,37.68,165.82
test,Streaks,240904A_MnTe_CdTe_0min_43.png,60.2,35.99,40.18,2.78,0.488,20.02,163.32
test,Streaks,240904A_MnTe_CdTe_0min_567.png,59.04,38.3,41.54,2.61,0.412,17.5,164.12
test,Streaks,240904A_MnTe_CdTe_0min_630.png,37.02,52.72,58.66,1.9,0.353,21.64,162.55
test,Streaks,240904A_MnTe_CdTe_0min_753.png,166.2,71.14,66.12,1.41,0.347,100.08,162.57
test,Streaks,240904A_MnTe_CdTe_0min_844.png,73.09,27.68,30.92,3.61,0.165,42.17,161.87
test,Streaks,240904A_MnTe_CdTe_0min_934.png,45.65,34.57,38.94,2.89,0.386,6.71,164.25
test,Streaks,240904A_MnTe_CdTe_0min_996.png,65.83,40.61,48.41,2.46,0.539,17.43,163.69
test,Streaks,240905A_MnTe_0min_23.png,30.59,27.08,25.55,3.69,0.119,5.03,179.56
test,Streaks,240905B_GeTe_MnTe_30min_246.png,23.33,250.1,17.4,0.4,0.487,5.93,155.55
test,Streaks,240906A_MnTe_32min_423.png,40.05,28.31,34.93,3.53,0.153,5.12,128.98
test,Streaks,240906A_MnTe_32min_826.png,40.06,23.65,300.0,4.23,0.087,259.94,110.49
test,Streaks,240906B_MnTe_0min_12.png,27.81,25.82,10.0,3.87,0.101,17.81,263.04
test,Streaks,240906B_MnTe_0min_222.png,74.61,47.01,93.87,2.13,0.253,19.26,160.24
test,Streaks,240906B_MnTe_0min_312.png,55.95,39.9,65.52,2.51,0.417,9.56,159.79
test,Streaks,240906B_MnTe_0min_380.png,55.72,36.47,73.36,2.74,0.404,17.64,159.14
test,Streaks,240906B_MnTe_0min_475.png,38.64,29.53,33.53,3.39,0.421,5.11,160.83
test,Streaks,240906B_MnTe_0min_548.png,40.98,34.2,112.85,2.92,0.401,71.87,157.82
test,Streaks,240906B_MnTe_0min_619.png,44.88,34.01,38.33,2.94,0.436,6.55,159.58
test,Streaks,240906B_MnTe_0min_685.png,51.95,30.13,32.02,3.32,0.404,19.92,158.48
test,Streaks,240906B_MnTe_0min_756.png,77.25,32.37,100.95,3.09,0.42,23.7,157.03
test,Streaks,240906B_MnTe_0min_800.png,50.24,29.03,33.08,3.44,0.364,17.16,161.08
test,Streaks,240906B_MnTe_0min_872.png,64.56,31.15,300.0,3.21,0.447,235.44,136.19
test,Streaks,240906B_MnTe_0min_941.png,38.9,30.23,54.51,3.31,0.352,15.62,158.79
test,Streaks,240906B_MnTe_0min_988.png,38.35,28.59,45.9,3.5,0.333,7.55,158.23
test,Streaks,240912C_135.png,28.63,26.6,19.72,3.76,0.439,8.91,161.3
test,Streaks,240912C_275.png,24.81,22.15,21.18,4.51,0.532,3.63,163.97
test,Streaks,240912C_348.png,22.27,17.5,10.0,5.72,0.628,12.27,298.31
test,Streaks,240912C_56.png,300.0,10.0,10.0,10.0,0.604,290.0,227.75
test,Streaks,240912C_86.png,16.18,10.0,19.23,10.0,0.728,3.05,84.6
test,Streaks,240913A_MnTe_0min_963.png,48.15,40.26,39.34,2.48,0.584,8.81,165.1
test,Streaks,240913B_MnTe_0min_341.png,70.82,40.46,69.66,2.47,0.454,1.16,156.38
test,Streaks,240913B_MnTe_0min_444.png,51.98,45.95,63.23,2.18,0.532,11.24,160.47
test,Streaks,240913B_MnTe_0min_546.png,51.77,38.18,59.13,2.62,0.551,7.36,157.06
test,Streaks,240913B_MnTe_0min_616.png,46.08,38.81,57.21,2.58,0.554,11.13,156.63
test,Streaks,240913B_MnTe_0min_685.png,48.42,27.67,300.0,3.61,0.501,251.58,137.93
test,Streaks,240913B_MnTe_0min_824.png,34.84,30.83,36.61,3.24,0.552,1.76,160.74
test,Streaks,240913B_MnTe_0min_895.png,49.05,36.31,40.21,2.75,0.613,8.84,159.13
test,Streaks,240913B_MnTe_0min_998.png,36.17,35.45,41.98,2.82,0.472,5.81,158.57
test,Streaks,240925A_MnTe_0min_145.png,19.37,12.86,10.0,7.78,0.288,9.37,230.44
test,Streaks,240925A_MnTe_0min_242.png,33.43,22.12,19.23,4.52,0.355,14.2,162.24
test,Streaks,240925A_MnTe_0min_305.png,32.45,24.94,29.28,4.01,0.45,3.17,162.92
test,Streaks,240925A_MnTe_0min_407.png,23.93,19.79,18.0,5.05,0.369,5.93,161.65
test,Streaks,240925A_MnTe_0min_469.png,26.6,21.36,27.06,4.68,0.393,0.46,162.93
test,Streaks,240925A_MnTe_0min_533.png,33.52,23.95,28.0,4.18,0.344,5.52,161.37
test,Streaks,240925A_MnTe_0min_81.png,23.12,37.41,31.96,2.67,0.295,8.83,181.17
test,Streaks,240925B_6.png,33.53,18.75,33.6,5.33,0.252,0.07,166.74
test,Streaks,240925B_65.png,38.06,39.42,10.0,2.54,0.367,28.06,166.0
test,Streaks,240925B_MnTe_0min_156.png,58.7,36.97,55.86,2.71,0.332,2.84,167.11
test,Streaks,240925C_MnTe_0min_153.png,18.55,19.7,10.0,5.08,0.31,8.55,177.92
test,Streaks,240925C_MnTe_0min_217.png,40.73,26.07,10.0,3.84,0.397,30.73,280.48
test,Streaks,240925C_MnTe_0min_29.png,14.04,23.21,10.0,4.31,0.275,4.04,178.91
test,Streaks,240925C_MnTe_0min_325.png,48.46,31.13,27.88,3.21,0.385,20.58,161.52
test,Streaks,240925C_MnTe_0min_407.png,29.87,23.77,27.22,4.21,0.382,2.65,160.24
test,Streaks,240925C_MnTe_0min_707.png,52.78,30.15,20.39,3.32,0.43,32.39,161.45
test,Streaks,240925C_MnTe_0min_90.png,24.2,27.66,25.86,3.62,0.378,1.65,178.46
test,Streaks,240925C_MnTe_0min_960.png,26.87,24.63,31.53,4.06,0.419,4.66,157.83
test,Streaks,241003A_162.png,191.81,37.49,180.54,2.67,0.547,11.28,124.66
test,Streaks,241003A_198.png,260.98,57.57,179.09,1.74,0.639,81.89,188.38
test,Streaks,241003A_26.png,55.4,18.9,300.0,5.29,0.527,244.6,99.88
test,Streaks,241003A_297.png,11.63,10.0,187.05,10.0,0.538,175.42,111.65
test,Streaks,241003A_368.png,19.63,300.0,179.31,0.33,0.519,159.68,289.87
test,Streaks,241003A_401.png,19.39,300.0,16.63,0.33,0.369,2.76,271.02
test,Streaks,241003A_434.png,130.82,26.37,201.06,3.79,0.548,70.24,119.18
test,Streaks,241003A_564.png,23.3,300.0,300.0,0.33,0.561,276.7,363.78
test,Streaks,241003A_691.png,106.58,39.99,10.0,2.5,0.545,96.58,242.42
test,Streaks,241003A_755.png,25.53,10.13,13.85,9.87,0.515,11.68,335.93
test,Streaks,241003A_787.png,226.07,10.06,254.47,9.95,0.484,28.4,198.14
test,Streaks,241003A_818.png,300.0,35.63,22.0,2.81,0.426,278.0,131.72
test,Streaks,241003A_848.png,292.67,29.12,25.43,3.43,0.343,267.24,129.92
test,Streaks,241003A_96.png,211.72,136.48,190.86,0.73,0.514,20.86,191.5
test,Streaks,241003A_976.png,223.31,30.14,20.22,3.32,0.351,203.09,126.45
test,Streaks,241004A_498.png,136.59,174.33,10.0,0.57,0.512,126.59,177.07
test,Streaks,241008A_MnTe_0min_158.png,34.35,26.73,10.0,3.74,0.411,24.35,246.06
test,Streaks,241008A_MnTe_0min_61.png,40.17,143.52,10.0,0.7,0.706,30.17,267.12
test,Streaks,241008A_MnTe_30min_118.png,27.12,18.32,10.0,5.46,0.587,17.12,333.95
test,Streaks,241008A_MnTe_30min_192.png,15.81,160.89,10.0,0.62,0.71,5.81,322.42
test,Streaks,241008A_MnTe_30min_241.png,27.95,18.56,10.0,5.39,0.616,17.95,254.88
test,Streaks,241008A_MnTe_30min_316.png,34.04,25.68,300.0,3.89,0.525,265.96,329.85
test,Streaks,241008A_MnTe_30min_366.png,15.42,180.27,10.0,0.55,0.584,5.42,332.75
test,Streaks,241008A_MnTe_30min_415.png,44.09,23.07,21.51,4.34,0.533,22.59,163.39
test,Streaks,241008A_MnTe_30min_44.png,47.69,32.37,16.61,3.09,0.671,31.07,242.41
test,Streaks,241008A_MnTe_30min_441.png,27.83,18.71,10.0,5.34,0.568,17.83,333.85
test,Streaks,241008A_MnTe_30min_491.png,27.87,20.96,300.0,4.77,0.693,272.13,331.98
test,Streaks,241009A_MnTe_0min_125.png,16.23,23.63,14.51,4.23,0.437,1.73,90.5
test,Streaks,241009A_MnTe_0min_46.png,33.32,100.99,30.16,0.99,0.371,3.17,183.4
test,Streaks,241009A_MnTe_0min_73.png,15.11,11.45,300.0,8.73,0.553,284.89,234.96
test,Streaks,241009A_MnTe_SnTe_0min_197.png,152.38,18.84,10.0,5.31,0.004,142.38,287.44
test,Streaks,241009A_MnTe_SnTe_0min_275.png,23.86,18.73,17.55,5.34,0.233,6.32,174.38
test,Streaks,241009A_MnTe_SnTe_0min_31.png,23.54,23.06,16.1,4.34,0.344,7.44,163.6
test,Streaks,241009A_MnTe_SnTe_0min_83.png,24.25,32.73,23.23,3.06,0.403,1.02,163.91
test,Streaks,241011B_113.png,280.5,52.14,199.86,1.92,0.577,80.64,164.81
test,Streaks,241011B_140.png,184.21,78.72,116.54,1.27,0.611,67.67,155.46
test,Streaks,241011B_173.png,161.76,69.97,95.88,1.43,0.545,65.88,149.21
test,Streaks,241011B_264.png,154.63,46.72,125.45,2.14,0.581,29.19,145.22
test,Streaks,241016A_SnTe_0min_37.png,28.58,27.17,25.17,3.68,0.35,3.41,188.08
test,Streaks,241017A_MnTe_0min_100.png,28.64,24.85,21.6,4.02,0.0,7.04,181.59
test,Streaks,241017A_MnTe_0min_66.png,30.24,38.45,42.57,2.6,0.266,12.33,181.49
test,Streaks,241023A_116.png,10.0,17.3,270.4,5.78,0.656,260.4,340.72
test,Streaks,241023A_173.png,26.45,24.24,31.68,4.12,0.485,5.24,135.89
test,Streaks,241023A_235.png,47.82,34.99,48.74,2.86,0.48,0.91,137.69
test,Streaks,241024A_127.png,71.72,120.23,42.92,0.83,0.578,28.8,191.91
test,Streaks,241024A_32.png,300.0,46.86,35.66,2.13,0.528,264.34,182.86
test,Streaks,241024A_86.png,300.0,49.52,34.69,2.02,0.531,265.31,187.14
test,Streaks,241024B_283.png,195.94,39.27,59.15,2.55,0.425,136.79,139.72
test,Streaks,241024B_369.png,72.2,38.59,38.02,2.59,0.436,34.18,140.71
test,Streaks,241030A_141.png,28.92,27.01,29.75,3.7,0.566,0.83,134.43
test,Streaks,241030A_194.png,29.15,26.77,27.68,3.73,0.567,1.47,134.29
test,Streaks,241030A_235.png,30.3,28.19,29.57,3.55,0.566,0.73,133.78
test,Streaks,241030A_25.png,29.41,26.73,32.16,3.74,0.567,2.76,133.75
test,Streaks,241030A_85.png,31.04,31.02,34.75,3.22,0.568,3.7,133.76
test,Streaks,241031A_140.png,18.76,15.92,10.0,6.28,0.422,8.76,133.62
test,Streaks,241031A_149.png,19.02,16.01,10.0,6.25,0.422,9.02,133.79
test,Streaks,241031A_182.png,18.65,15.45,10.0,6.47,0.425,8.65,133.94
test,Streaks,241031A_218.png,19.75,17.17,10.0,5.82,0.468,9.75,251.64
test,Streaks,241031A_270.png,44.57,32.19,10.0,3.11,0.479,34.57,270.97
test,Streaks,241031A_65.png,18.85,15.88,10.0,6.3,0.422,8.85,133.58
test,Streaks,241031A_95.png,18.82,16.25,10.0,6.15,0.423,8.82,134.37
test,Streaks,250213A1_176.png,169.6,229.09,78.68,0.44,0.537,90.92,188.13
test,Streaks,250213A1__25.png,292.93,29.61,31.98,3.38,0.53,260.95,147.2
test,Streaks,250213A_57.png,297.24,25.99,32.66,3.85,0.552,264.58,133.16
test,Streaks,250214A1_427.png,235.13,27.19,128.73,3.68,0.502,106.4,129.45
test,Streaks,250214A3_956.png,253.06,28.28,138.22,3.54,0.493,114.84,137.26
test,Streaks,250214A4_68.png,230.17,25.67,140.55,3.9,0.457,89.61,159.6
test,Streaks,250214A4_912.png,221.2,24.42,199.11,4.1,0.379,22.09,168.04
test,Streaks,250221B1_998.png,227.19,52.32,10.0,1.91,0.296,217.19,283.63
test,Streaks,250226B1_182.png,61.69,30.56,24.05,3.27,0.35,37.64,161.64
test,Streaks,250226B1_388.png,35.03,29.91,31.29,3.34,0.348,3.74,161.0
test,Streaks,250226B1_489.png,101.94,29.92,18.09,3.34,0.306,83.85,157.44
test,Streaks,250226B1_855.png,30.29,31.28,35.67,3.2,0.111,5.38,160.16
test,Streaks,250226B1_908.png,39.3,18.96,14.13,5.27,0.03,25.17,163.62
test,Streaks,250226B1_993.png,46.53,29.18,25.91,3.43,0.252,20.62,160.83
test,Streaks,250228B2_850.png,236.78,46.33,23.94,2.16,0.276,212.84,122.8
test,Streaks,250312A_12.png,109.92,40.18,116.09,2.49,0.363,6.17,155.16
